{
  "$schema": "https://schema.management.azure.com/schemas/2018-05-01/subscriptionDeploymentTemplate.json#",
  "contentVersion": "1.0.0.0",
  "parameters": {
    "resourceGroupName": {
      "type": "string",
      "defaultValue": "tweetappaccountResourceGroup",
      "metadata": {
        "_parameterType": "resourceGroup",
        "description": "Name of the resource group for the resource. It is recommended to put resources under same resource group for better tracking."
      }
    },
    "resourceGroupLocation": {
      "type": "string",
      "defaultValue": "centralindia",
      "metadata": {
        "_parameterType": "location",
        "description": "Location of the resource group. Resource groups could have different location than resources."
      }
    },
    "resourceLocation": {
      "type": "string",
      "defaultValue": "[parameters('resourceGroupLocation')]",
      "metadata": {
        "_parameterType": "location",
        "description": "Location of the resource. By default use resource group's location, unless the resource provider is not supported there."
      }
    }
  },
  "resources": [
    {
      "type": "Microsoft.Resources/resourceGroups",
      "name": "[parameters('resourceGroupName')]",
      "location": "[parameters('resourceGroupLocation')]",
      "apiVersion": "2019-10-01"
    },
    {
      "type": "Microsoft.Resources/deployments",
      "name": "[concat(parameters('resourceGroupName'), 'Deployment', uniqueString(concat('tweetapplicationprogram', subscription().subscriptionId)))]",
      "resourceGroup": "[parameters('resourceGroupName')]",
      "apiVersion": "2019-10-01",
      "dependsOn": [
        "[parameters('resourceGroupName')]"
      ],
      "properties": {
        "mode": "Incremental",
        "template": {
          "$schema": "https://schema.management.azure.com/schemas/2015-01-01/deploymentTemplate.json#",
          "contentVersion": "1.0.0.0",
          "resources": [
            {
              "name": "tweetapplicationprogram",
              "location": "[parameters('resourceLocation')]",
              "type": "Microsoft.DocumentDB/databaseAccounts",
              "kind": "GlobalDocumentDB",
              "systemData": {
                "createdAt": "2021-06-26T14:10:49.3708336Z"
              },
              "properties": {
                "databaseAccountOfferType": "Standard"
              },
              "apiVersion": "2015-04-08"
            }
          ]
        }
      }
    }
  ],
  "metadata": {
    "_dependencyType": "cosmosdb.azure"
  }
}